question,answer
Enter Security Code,We offer the best of cutting edge technology and further strengthenyour business with the best products and services available today.
We have received your details and you will be received a call from us soon...,"PRP SERVICES PVT. LTD. was incorporated in the year 2013 with our core product as
                CLOUD BASED TELEPHONY. We have successfully amassed more than 15,000 users
                who have experienced our services. We go with the vision “Moving The World”. Situated
                in New Delhi, we offer quality services to our customers across India.
                PRPIANS launched their SMS APPLICATION in the year 2012 and in the year 2014 we
                launched our VOICE APPLICATION – PRPMOBILITY.COM. Our achievements doesn’t
                ends here, in the year 2015 we enhanced our VOICE Application and added new
                features to it, increasing their utility and intensify the user experience. In the year 2016,
                the company added yet another services to the VOICE Application like ‘Click-to-call’ and
                ‘Outbound Dialing’.Currently in 2020 & 2021, we launched three new products-1. WHATSAPP CHATBOT2. LEAD MANAGEMENT SYSTEM (FOR SALES AUTOMATION)3. WHATSAPP BUSINESS ENTERPRISE (OFFICIAL WHATSAPP’s ISV)"
| OUR STORY,"As a leading Cloud Telephony Services provider in India, PRP Services helps businesses harness the powers of cloud-based telephony solutions for enhanced voice communications."
| OUR MISSION,"Our Mission is to provide a single platform for all business communication needs, through technology-driven, state-of-art Cloud Telephony Services. Realizing the importance of “staying in touch” for any modern business, we offer holistic solutions with a focus on client satisfaction."
What makes us distinct?,"Making the best use of ongoing innovations, and deploying industry experts exclusively, we bring a gamut of telephony solutions, including Lead Management Solutions, What's-App API, Chat-Bot, Bulk SMS, Voice Call, Toll-Free numbers, Missed-call services, and more."
Whom do we serve?,"Our fully automated, cloud-based communication solutions help our clients achieve improved efficiency, faster processing, and lower costs. We enable them to use data points, analytics, robust APIs, CRM, and Helpdesk Integration to propel their business towards excellence."
Education and Hospitals,"Since 2013, we have garnered the trust of an expanding pan-India clientele who bank on us for our supreme sense of innovation, reliability, cost-effectiveness, support, and service quality. Realizing the need for steady business-client relationship, we stand true to our ideal of commitment for every project we undertake, irrespective of its volume."
E-commerce Retail Sector,"By always putting our clients first, and prioritizing their needs above all, we have stood apart from our competition in the industry. All our actions and services are based upon the understanding of the significance of seamless communication and its role in the success of our clients’ business."
IT Software,"With low latency and high deliverability, our API's are the most reliable way to reach users around the globe."
Logistics Transportation,Request a free demo today. Quality service. No hidden cost!
SME Corporates,"We are an expert business communication solutions company, in addition to the fact that we offer the best of cutting edge technology,
    however, we further strengthen your business with the best products and services available today."
FMCG,", PRP Services Pvt. Ltd. | ISO 9001:2015 | All rights reserved."
Enter Security Code,"We have got you covered for converting the interested lead into a potential buyer. Manage and Follow Up with Leads All in One Place, complete visibility into sales and marketing leads in an organized manner."
We have received your details and you will be received a call from us soon...,"Lead management is a process during which leads are captured by tracking all near beyond touchpoints with different integrations from email, website and chat and then nurtured until the customer purchase your product."
Lead Management System and Lead Tracking Software for managing your Leads without any hassle,"We have been reliably appraised as the best lead management solution by both customers and experts. From lead capturing and analyzing to conversion, consider some of the popular ways to find sales success with us. Now close more deals with less work."
How we can help you?,"Get customised integrations like Bulk SMS, IVR (Interactive voice response), Toll-Free, Outbound dialing, Click to call, Missed call, WhatsApp API etc. all included in our CRM."
Recognize best leads from a group of approaching leads,"During the lead generation activities, there are different approaches to reach potential buyers, such as email, website, social media, and paid advertisements. A decent lead management software guarantees that every lead is automatically fed into the CRM system from different integrations keeping no possibilities from getting lost in the noise."
Measure ROI from your online promotion,"Integration with LinkedIn Sales Navigator makes it simple for you to seek out and interact together with your prospects on LinkedIn. View your prospects, complete professional data from LinkedIn inside your CRM and have the required insights to interact better."
Sustain guaranteeing leads into conversions,Have all of your lead information synchronized in LMS. Manage Facebook discussions together with your prospects in real-time. You can likewise utilize the assistance of Sales Signals to get constant Facebook notifications.
Draw in with leads near beyond different touchpoints,"Physically assigning a high volume of leads to the right sales reps can be tedious and can lead to delay in response time.
                                But with us that's not an issue, our system automatically assigns leads to salesperson based on product, department or supported geography. Ensure that you don't pass up leads basically in view of inappropriate client commitment strategies."
Look at and trace essential data about leads,"Utilize our omnichannel communication as a medium to connect with your leads as soon they land on your site and understand various stages your leads go through in their buying lifecycle and activity timeline. Engage with your leads by means of social media, phone, live chat, and even face to face."
What is Lead Management Software?,"Draw in possibilities at each phase of the business channel through powerful email marketing campaigns. Create targeted campaigns for strategically important clients in your list with supported spread of parameters like past engagement, geography, and purchase history."
Interact with leads from,"Lead qualification decides whether a lead is ready to buy or subscribe to your product or service. While converting, you'll likewise make quick follow-ups. Our LMS assists you to change your promising results into deals faster. Lead management system can make your work simple by ranking your leads based on their engagement and interest in your product/organization and recognize leads with a solid goal to buy."
Generate quality leads from,"Our LMS service with Google Ads will present to you a whole image of your online advertisement spending and how much income each campaign creates. With this integration, you can easily track marketing and sales KPIs through visual reports and measure the ROI of every single campaign in your organization. Estimating results using reports is a indication of efficient lead management, and a decent lead management software can assist you in accomplishing that."
Encourage more leads via omnichannel communication:,"Get the best lead management software. 
                Try Our CRM. It includes built-in lead management features, where leads are automatically captured and enriched in your CRM database. 
                Track lead activities, distinguish leads, qualify them, and sustain them into clients, all from inside your CRM software and use it with various integrations too. 
                Indeed, you can do this from a single sales tool."
Create Customized emails for targeted email campaigns:,"With low latency and high deliverability, our API’s are the most reliable way to reach users around the globe."
Make your Leadsas your Deals:,Request a free demo today. Quality service. No hidden cost!
Catch up with the advertisement campaigns which bring you quality leads:,"We are an expert business communication solutions company, in addition to the fact that we offer the best of cutting edge technology,
    however, we further strengthen your business with the best products and services available today."
It's Free to Get Started.,", PRP Services Pvt. Ltd. | ISO 9001:2015 | All rights reserved."
Enter Security Code,"WithWhatsApp Business API Solutions, you can connect to your customers in a secured, simple and reliable way. You will be able to surpass a wide range of expectations from your customers since it is quicker and a more intelligent approach to associate with your customers and resolve issues in the most quickest way."
We have received your details and you will be received a call from us soon...,"Reach out to your target customers all at once with WhatsApp broadcasts. Send out offer announcements, recommend products, and remind customers about purchases, all at scale. PRP Service offers businesses a fantastic chance to connect with a wide and varied audience."
Grow your business with WhatsApp Business API,"With personalized templates featuring buttons, you can make your messages more engaging and interactive. Plus, take advantage of custom audience targeting and segmentation to tailor your messages for maximum impact."
Stay Connected to Customers with WhatsApp Business API,"And with advanced analytics, you can track the performance of your campaigns, helping you refine your approach and achieve even better results."
WhatsApp Marketing Service,"With WhatsApp Marketing Service, connecting with your customers has never been easier"
Multi-Agent Customer Support,"Improve your customer support directly with WhatsApp BusinessServices. With our multi-agent feature, several team members can help with your questions at the same time. This means quicker responses and faster solutions to any issues you might have."
WhatsApp Chatbot With Automations,"Plus, we offer advanced roles and permissions, so everyone gets the right level of access. Our smart agent routing ensures your query goes straight to the person best equipped to help. And with conversation and agent reports, you can keep track of everything effortlessly."
WhatsApp Business Solutions for Multi Industries,"Connect with your customers instantly using WhatsApp Chatbots! With PRP Services, you can easily build your own chatbots using a simple drag-and-drop interface. These chatbots can help you qualify leads, answer customer questions, schedule appointments, and more. Plus, our automation features make it easy to create a smooth customer journey, boost your brand reputation, and drive growth."
Retail,"Our drag-and-drop Chatbot Builder lets you create customized chatbots without any coding skills required. You can also set up workflows based on specific triggers to automate tasks. And for developers, we offer APIs to further streamline your automation processes."
Fintech,"Elevate your business across various industries with WhatsApp Business Solutions. From retail to healthcare, streamline processes, engage customers, and drive growth effortlessly."
Food and Restaurants,"Sell your products directly through WhatsApp and boost your sales! With WhatsApp APIs, you can easily send product offers, order updates, and more to your customers."
Education,Empower and guide your customers right from WhatsApp. Send important transactional updates and easily answer common questions using Chatbots.
Healthcare,"Transform WhatsApp into your ultimate dining menu! Easily take orders, process payments, and send promotional offers to your customers. Gather valuable reviews to enhance your restaurant's reputation."
Travel and Hospitality,"Simplify student onboarding with our user-friendly chatbots for education! Keep teachers, parents, and students informed and supported with easy notifications sent all at once."
It's Free to Get Started.,"Boost efficiency in healthcare by scheduling appointments, sending medication reminders, and offering aftercare instructions—all conveniently through WhatsApp."
Enter Security Code,"A modern and effective way to deeply connect with your target audience for daily updates, new offers, and products."
We have received your details and you will be received a call from us soon...,"WhatsApp Marketing is a great way to get immediate responses or input from clients when compared to other online marketing channels. With bulk WhatsApp marketing, businesses can increase sales by creating potential leads for their company, and at minimal cost and with higher response rates than any other marketing approach."
Bulk WhatsApp Marketing Service,Companies and brands are increasingly using WhatsApp Marketing platforms to send bulk messages to their customers. Marketing your products and services effectively with bulk WhatsApp messages saves you time and effort.
Grow your business using WhatsApp Marketing,"There are several features included in Bulk WhatsApp Marketing Software such as Unlimited messages, multimedia messages, numbers filters, Muti-group contacts grabber, etc."
Bulk Whatsapp Sender Software,"WhatsApp bulk messaging services are similar to bulk messaging. However, the WhatsApp bulk messaging has advanced options that will help you to send the information in an organized manner."
Bulk WhatsApp Service,"The user can send text messages with multi-media files like pdf, images and videos. In bulk whatsapp marketing, business owners can conduct rapid polls and surveysto determine the level of intertest in their goods and services."
It's Free to Get Started.,"With low latency and high deliverability, our WHATSAPP and CHATBOT API’s are the most reliable way to reach users around the globe."
Experience ChatBot the way your customers do,Request a free demo today. Quality service. No hidden cost!
TRY THE DEMO,"Just scan the QR code from your normal scanner oradd +917669933483 to your contacts and say ""Hi"" over WhatsApp."
Enter Security Code,"Switch to the best cloud telephony platform in less than an hour. Enable remote work, reduce costs, increase productivity, and improve customer service."
We have received your details and you will be received a call from us soon...,"We offer an advanced interaction through multilingual communication services like Interactive Voice Response (IVR), Toll-Free Number, Virtual Number, Missed Call Service, Click-to-Call, Call Conferencing, and Bulk Outbound Dialing."
Cloud Telephony Solution For Businesses,"With services offered at your doorstep, we ensure delivering uninterrupted customer service to brands or businesses for a widen engagement and revenue collection."
Generate Leads Through EnhancedVoice Communication Processes,Our Services offers 24x7 guarding services to ensure the safety of your sensitive data
Safe and secure data,We prioritize maintaining your infrastructure with a 99.9 % reliable warranty
Reliable maintenance,"Promising your business safety, we run your data on the authentic web browser, i.e., containing the secured HTTPS links."
Secure web browsers,"Whether it’s a Voice Call or SMS, Our Services provides a Customized One-Stop Solution with multiple operators"
Customizable solutions,We provide integral voice over services without compromising your business performance
Enhanced business performance,"Voice overs are forwarded through automation, and data is backed up for an unprecedented disruption in the future"
Automated data backup,"The Interactive Voice Response is a technology in which there are pre-recorded Messages or Voice which is text to speech feature to run on the call for the Customers 
                  interactions for the both Incoming and Outgoing Call. It works on DTMF Feature input which is entered by Customer to auto route the calls to their respective agents. An Interactive Voice Response 
                  can be used for many things, logistics, Healthcare, Education, IT Sector, Hyperlocal, Travel & Tourism, Consumer Goods, Real Estate ets. If you ever call on a Business Phone Number and had been 
                  answered by an automated greeting messages, in which you have to click on Dial Pad for answers, then you know what the IVR is. PRP Services is one of the best IVR Service Provider in India."
Interactive Voice Response (IVR),Working hours seem flexible when you can interact with pre-recorded messages anytime and anywhere without compromising your performance.
Virtual Number,Provide support to specific customers via enabled and customized notifications.
Toll-Free Number,Make interaction easier by offering vernacular support.
Click-To-Call,Add custom integrals for automating your business through smart APIs.
Call Conferencing,"Virtual Number is a Cloud Based Numbers which has no physical phone. Cloud. This number can be tracked to route the incoming calls from customers to their specified agents as per customer queries and also to monitor the performance. Businesses, SMEs and Startups used Virtual Numbers to expand their Business as an IVR Output."
Voice Brodcasting Software,"Assist various telecom channels like IVR, Voice-Over, E-mail, and SMS."
Missed Call,Practice customer satisfaction with time-saving and economical methods.
It's Free to Get Started.,The informative infrastructure of the dashboard for significant support.
Enter Security Code,"Get Promotional SMS, Transactional SMS, OTP SMS & Bulk SMS API with DLT registration from Best bulk sms service provider."
We have received your details and you will be received a call from us soon...,"With the help of robust messaging platforms, APIs, and various other messaging software, Prpservices aids enterprises in connecting with their customers efficiently. Our worldwide messaging platform is designed using top-notch scalable architecture to enhance communication, and operational procedures for enterprises."
Best Bulk SMS Service Provider,"With our services, enterprises can avail faster, secured, and analytics backed communications. We aim at developing customer relationships and increasing enterprise productivity using our state-of-the-art services."
Connect with customers around the globe,"We have numerous rich messaging features such as multiple sender ID, NDNC checks/ interconnect, template management, and much more."
Hallmark rich messaging,"Our numerous protocols enable SMPP, HTTP/HTTPs, SFTP, and proprietary APIs paired with high and expandable transactions every second."
SMS API,"With the help of intelligent routing, load balancing, capacity allocation, and submission control, Prpservices deliver real-time reports to enterprises along with insights."
Reporting and analytics,We have a wide range of secure message delivery options that include a steady connection to the service.
Secure messaging,We have committed to managing the SLA. We ensure that all management processes meet the desired targets.
SLA management,We can shorten the length of any URL. Any text that is preceded by an HTTPs can be cut short.
Short URL,"Intending to provide better security for banking, corporate networks, and other systems that handle sensitive data, Our OTP service provides time-sensitive, mission-based notifications to verify transactions. This service improves the functionality of SMS over HTTPs, APIs. The banks using this service can trigger an SMS to the concerned recipient based on the situation. Our services ensures an OTP delivery rate of 99% of critical messages within 30 seconds."
OTP (OTP SMS SERVICE),"Guaranteed acknowledgement and receipt for all transactions, utility passwords, one-time passwords, and emergency alerts."
Long code SMS Service,Delivering notifications to concerned individuals or groups. Our OTP services also support the termination of national as well as international messages.
Short Code SMS Service,Sending OTP as a voice message in case an SMS is unable to terminate. We also enable multiple trials when a message fails with an option to retry through IVR as well.
Promotional SMS,Efficient DLR handling combined with interactive dashboards and reports.
Transactional SMS,"We provide long code numbers to small and big enterprises across India. Our APIs will help scale your enterprise at the speed of light, and with ease. With our long code services, enterprises can boost customer experience and sales."
It's Free to Get Started.,Fast setup:Our long code services integrated with APIs enable quicker setup of long code on cloud platforms ensuring seamless business operations.
Enter Security Code,"Host your business email on a secure, cost-effective, privacy-guaranteed, and scalable email service. You can configure our email service quickly to support several email use cases, including transactional, promotional, or high-volume email communications."
We have received your details and you will be received a call from us soon...,"Unique and professional email addresses give your business the reputation and authenticity it deserves. Set up custom email addresses for users or bring your own domains and create your brand identity. Customers usually prefer to open those emails that come from professional email addresses rather than from other free providers which are sometimes also marked as spam. You can also create extra addresses for different parts of your business or your different teams, like[email protected]or[email protected]."
Benefits of our E-Mail Solution,"Add multiple users and set up policies to modify business email content, scheduling, and more. Our simple and secure Control Panel is the admin's go-to place for all settings, integrations, and customization. Easily create your own blacklists and whitelists to keep spammers away, and allow only the important messages through. Protect all your enterprise's emails templates with automatic template archiving that'll help keep you safe from losing your important content."
Personalized Rich HTML Emails,"With low latency and high deliverability, our EMAIL APIs are the most reliable way to reach users around the globe."
Manage Contacts- Lists / Group Management,Request a free demo today. Quality service. No hidden cost!
Campaign Scheduling,"We are an expert business communication solutions company, in addition to the fact that we offer the best of cutting edge technology,
    however, we further strengthen your business with the best products and services available today."
Campaign Summary Reports,", PRP Services Pvt. Ltd. | ISO 9001:2015 | All rights reserved."
